idna_subject,checker_type,destination,tested_at
0.start.bz,AVAILABILITY,origin.list,2021-01-13 20:39:14.054860
093qpeuqpmz6ebfa.com,AVAILABILITY,origin.list,2021-01-13 20:52:13.702474
0c9d8370d.se,AVAILABILITY,origin.list,2021-01-13 20:52:23.736794
1.hao929.cn,AVAILABILITY,origin.list,2021-01-13 20:53:34.601672
1.sharkadnetwork.com,AVAILABILITY,origin.list,2021-01-13 20:53:46.620999
10bestsearch.com,AVAILABILITY,origin.list,2021-01-13 20:56:00.674756
11954.filter.bullhornsearch.com,AVAILABILITY,origin.list,2021-01-13 20:56:46.534518
123appz.com,AVAILABILITY,origin.list,2021-01-13 20:57:28.971260
131922.131.links4trade.com,AVAILABILITY,origin.list,2021-01-14 01:44:10.040594
08.185.87.0.liveadvert.com,AVAILABILITY,origin.list,2021-07-03 20:47:30.954595
08.185.87.00.liveadvert.com,AVAILABILITY,origin.list,2021-07-03 20:47:36.192350
08.185.87.01.liveadvert.com,AVAILABILITY,origin.list,2021-07-03 20:47:41.513711
08.185.87.02.liveadvert.com,AVAILABILITY,origin.list,2021-07-03 20:47:46.927043
08.185.87.03.liveadvert.com,AVAILABILITY,origin.list,2021-07-03 20:47:52.086102
08.185.87.04.liveadvert.com,AVAILABILITY,origin.list,2021-07-03 20:47:57.243187
08.185.87.05.liveadvert.com,AVAILABILITY,origin.list,2021-07-03 20:48:02.479606
08.185.87.06.liveadvert.com,AVAILABILITY,origin.list,2021-07-03 20:48:07.685952
08.185.87.07.liveadvert.com,AVAILABILITY,origin.list,2021-07-03 20:48:12.878427
08.185.87.08.liveadvert.com,AVAILABILITY,origin.list,2021-07-03 20:48:18.094319
08.185.87.09.liveadvert.com,AVAILABILITY,origin.list,2021-07-03 20:48:23.359196
08.185.87.1.liveadvert.com,AVAILABILITY,origin.list,2021-07-03 20:48:28.553136
08.185.87.10.liveadvert.com,AVAILABILITY,origin.list,2021-07-03 20:48:33.844579
08.185.87.100.liveadvert.com,AVAILABILITY,origin.list,2021-07-03 20:48:39.051839
08.185.87.101.liveadvert.com,AVAILABILITY,origin.list,2021-07-03 20:48:44.254614
08.185.87.103.liveadvert.com,AVAILABILITY,origin.list,2021-07-03 20:48:49.461325
08.185.87.104.liveadvert.com,AVAILABILITY,origin.list,2021-07-03 20:48:54.666431
08.185.87.105.liveadvert.com,AVAILABILITY,origin.list,2021-07-03 20:48:59.850072
08.185.87.106.liveadvert.com,AVAILABILITY,origin.list,2021-07-03 20:49:05.041510
08.185.87.107.liveadvert.com,AVAILABILITY,origin.list,2021-07-03 20:49:10.607685
08.185.87.108.liveadvert.com,AVAILABILITY,origin.list,2021-07-03 20:49:15.785771
08.185.87.109.liveadvert.com,AVAILABILITY,origin.list,2021-07-03 20:49:21.035956
08.185.87.11.liveadvert.com,AVAILABILITY,origin.list,2021-07-03 20:49:26.207263
08.185.87.110.liveadvert.com,AVAILABILITY,origin.list,2021-07-03 20:49:31.358132
08.185.87.111.liveadvert.com,AVAILABILITY,origin.list,2021-07-03 20:49:36.670068
08.185.87.113.liveadvert.com,AVAILABILITY,origin.list,2021-07-03 20:49:41.890447
08.185.87.114.liveadvert.com,AVAILABILITY,origin.list,2021-07-03 20:49:47.076765
08.185.87.115.liveadvert.com,AVAILABILITY,origin.list,2021-07-03 20:49:52.300390
08.185.87.116.liveadvert.com,AVAILABILITY,origin.list,2021-07-03 20:49:57.495053
08.185.87.117.liveadvert.com,AVAILABILITY,origin.list,2021-07-03 20:50:02.673005
08.185.87.118.liveadvert.com,AVAILABILITY,origin.list,2021-07-03 20:50:07.872531
08.185.87.119.liveadvert.com,AVAILABILITY,origin.list,2021-07-03 20:50:13.099839
08.185.87.13.liveadvert.com,AVAILABILITY,origin.list,2021-07-03 20:50:18.365443
08.185.87.130.liveadvert.com,AVAILABILITY,origin.list,2021-07-03 20:50:23.526133
08.185.87.131.liveadvert.com,AVAILABILITY,origin.list,2021-07-03 20:50:28.715529
08.185.87.133.liveadvert.com,AVAILABILITY,origin.list,2021-07-03 20:50:33.899769
08.185.87.134.liveadvert.com,AVAILABILITY,origin.list,2021-07-03 20:50:39.090958
08.185.87.135.liveadvert.com,AVAILABILITY,origin.list,2021-07-03 20:50:44.234812
08.185.87.136.liveadvert.com,AVAILABILITY,origin.list,2021-07-03 20:50:49.433083
08.185.87.137.liveadvert.com,AVAILABILITY,origin.list,2021-07-03 20:50:54.628161
08.185.87.138.liveadvert.com,AVAILABILITY,origin.list,2021-07-03 20:50:59.798560
08.185.87.139.liveadvert.com,AVAILABILITY,origin.list,2021-07-03 20:51:04.994130
08.185.87.14.liveadvert.com,AVAILABILITY,origin.list,2021-07-03 20:51:10.193888
08.185.87.140.liveadvert.com,AVAILABILITY,origin.list,2021-07-03 20:51:15.347054
08.185.87.141.liveadvert.com,AVAILABILITY,origin.list,2021-07-03 20:51:20.563009
08.185.87.143.liveadvert.com,AVAILABILITY,origin.list,2021-07-03 20:51:25.705585
08.185.87.144.liveadvert.com,AVAILABILITY,origin.list,2021-07-03 20:51:30.884850
08.185.87.145.liveadvert.com,AVAILABILITY,origin.list,2021-07-03 20:51:36.075669
08.185.87.146.liveadvert.com,AVAILABILITY,origin.list,2021-07-03 20:51:41.243852
08.185.87.147.liveadvert.com,AVAILABILITY,origin.list,2021-07-03 20:51:46.521775
08.185.87.148.liveadvert.com,AVAILABILITY,origin.list,2021-07-03 20:51:51.760835
08.185.87.149.liveadvert.com,AVAILABILITY,origin.list,2021-07-03 20:51:56.965121
08.185.87.15.liveadvert.com,AVAILABILITY,origin.list,2021-07-03 20:52:02.134587
08.185.87.150.liveadvert.com,AVAILABILITY,origin.list,2021-07-03 20:52:07.304735
08.185.87.151.liveadvert.com,AVAILABILITY,origin.list,2021-07-03 20:52:12.474240
08.185.87.153.liveadvert.com,AVAILABILITY,origin.list,2021-07-03 21:30:29.731723
08.185.87.154.liveadvert.com,AVAILABILITY,origin.list,2021-07-03 21:30:36.021312
08.185.87.155.liveadvert.com,AVAILABILITY,origin.list,2021-07-03 21:30:41.775470
08.185.87.156.liveadvert.com,AVAILABILITY,origin.list,2021-07-03 21:30:47.710445
08.185.87.157.liveadvert.com,AVAILABILITY,origin.list,2021-07-03 21:30:53.443123
08.185.87.158.liveadvert.com,AVAILABILITY,origin.list,2021-07-03 21:30:59.255689
08.185.87.159.liveadvert.com,AVAILABILITY,origin.list,2021-07-03 21:31:05.324996
08.185.87.16.liveadvert.com,AVAILABILITY,origin.list,2021-07-03 21:31:11.210502
08.185.87.160.liveadvert.com,AVAILABILITY,origin.list,2021-07-03 21:31:17.108614
08.185.87.161.liveadvert.com,AVAILABILITY,origin.list,2021-07-03 21:31:22.815874
08.185.87.163.liveadvert.com,AVAILABILITY,origin.list,2021-07-03 21:31:28.740963
08.185.87.164.liveadvert.com,AVAILABILITY,origin.list,2021-07-03 21:31:34.544245
08.185.87.165.liveadvert.com,AVAILABILITY,origin.list,2021-07-03 21:31:40.348250
08.185.87.166.liveadvert.com,AVAILABILITY,origin.list,2021-07-03 21:31:46.134337
08.185.87.167.liveadvert.com,AVAILABILITY,origin.list,2021-07-03 21:31:52.082745
08.185.87.168.liveadvert.com,AVAILABILITY,origin.list,2021-07-03 21:31:57.773124
08.185.87.169.liveadvert.com,AVAILABILITY,origin.list,2021-07-03 21:32:03.460017
08.185.87.17.liveadvert.com,AVAILABILITY,origin.list,2021-07-03 21:32:09.510806
08.185.87.170.liveadvert.com,AVAILABILITY,origin.list,2021-07-03 21:32:15.273440
08.185.87.171.liveadvert.com,AVAILABILITY,origin.list,2021-07-03 21:32:20.893126
08.185.87.173.liveadvert.com,AVAILABILITY,origin.list,2021-07-03 21:32:26.774721
08.185.87.174.liveadvert.com,AVAILABILITY,origin.list,2021-07-03 21:32:32.571155
08.185.87.175.liveadvert.com,AVAILABILITY,origin.list,2021-07-03 21:32:38.364911
08.185.87.176.liveadvert.com,AVAILABILITY,origin.list,2021-07-03 21:32:44.169071
08.185.87.177.liveadvert.com,AVAILABILITY,origin.list,2021-07-03 21:32:49.916019
08.185.87.178.liveadvert.com,AVAILABILITY,origin.list,2021-07-03 21:32:55.571325
08.185.87.179.liveadvert.com,AVAILABILITY,origin.list,2021-07-03 21:33:01.412472
08.185.87.18.liveadvert.com,AVAILABILITY,origin.list,2021-07-03 21:33:07.328722
08.185.87.180.liveadvert.com,AVAILABILITY,origin.list,2021-07-03 21:33:13.081179
08.185.87.181.liveadvert.com,AVAILABILITY,origin.list,2021-07-03 21:33:19.046926
08.185.87.183.liveadvert.com,AVAILABILITY,origin.list,2021-07-03 21:33:24.721489
08.185.87.184.liveadvert.com,AVAILABILITY,origin.list,2021-07-03 21:33:30.431468
08.185.87.185.liveadvert.com,AVAILABILITY,origin.list,2021-07-03 21:33:36.212031
08.185.87.186.liveadvert.com,AVAILABILITY,origin.list,2021-07-03 21:33:42.038728
08.185.87.187.liveadvert.com,AVAILABILITY,origin.list,2021-07-03 21:33:47.847388
08.185.87.188.liveadvert.com,AVAILABILITY,origin.list,2021-07-03 21:33:53.544777
08.185.87.189.liveadvert.com,AVAILABILITY,origin.list,2021-07-03 21:33:59.269808
08.185.87.19.liveadvert.com,AVAILABILITY,origin.list,2021-07-03 21:34:04.885060
08.185.87.190.liveadvert.com,AVAILABILITY,origin.list,2021-07-03 21:34:10.795138
08.185.87.191.liveadvert.com,AVAILABILITY,origin.list,2021-07-03 21:34:16.655616
08.185.87.193.liveadvert.com,AVAILABILITY,origin.list,2021-07-03 21:34:22.414936
08.185.87.194.liveadvert.com,AVAILABILITY,origin.list,2021-07-03 21:34:28.209992
08.185.87.195.liveadvert.com,AVAILABILITY,origin.list,2021-07-03 21:34:33.929498
08.185.87.196.liveadvert.com,AVAILABILITY,origin.list,2021-07-03 21:34:39.858106
08.185.87.197.liveadvert.com,AVAILABILITY,origin.list,2021-07-03 21:34:45.559127
08.185.87.198.liveadvert.com,AVAILABILITY,origin.list,2021-07-03 21:34:51.184458
08.185.87.199.liveadvert.com,AVAILABILITY,origin.list,2021-07-03 21:34:56.804598
08.185.87.3.liveadvert.com,AVAILABILITY,origin.list,2021-07-03 21:35:02.527495
08.185.87.30.liveadvert.com,AVAILABILITY,origin.list,2021-07-03 21:35:08.304166
08.185.87.31.liveadvert.com,AVAILABILITY,origin.list,2021-07-03 21:35:14.049197
08.185.87.33.liveadvert.com,AVAILABILITY,origin.list,2021-07-03 21:35:19.753377
08.185.87.34.liveadvert.com,AVAILABILITY,origin.list,2021-07-03 21:35:25.568105
08.185.87.35.liveadvert.com,AVAILABILITY,origin.list,2021-07-03 21:35:31.539556
08.185.87.36.liveadvert.com,AVAILABILITY,origin.list,2021-07-03 21:35:37.403863
08.185.87.37.liveadvert.com,AVAILABILITY,origin.list,2021-07-03 21:35:43.086295
08.185.87.38.liveadvert.com,AVAILABILITY,origin.list,2021-07-03 21:35:48.973293
08.185.87.39.liveadvert.com,AVAILABILITY,origin.list,2021-07-03 21:35:54.862243
08.185.87.4.liveadvert.com,AVAILABILITY,origin.list,2021-07-03 21:36:00.579154
08.185.87.40.liveadvert.com,AVAILABILITY,origin.list,2021-07-03 21:36:06.351096
08.185.87.41.liveadvert.com,AVAILABILITY,origin.list,2021-07-03 21:36:12.139690
08.185.87.43.liveadvert.com,AVAILABILITY,origin.list,2021-07-03 21:36:17.861749
08.185.87.44.liveadvert.com,AVAILABILITY,origin.list,2021-07-03 21:36:23.546379
08.185.87.45.liveadvert.com,AVAILABILITY,origin.list,2021-07-03 21:36:29.375583
08.185.87.46.liveadvert.com,AVAILABILITY,origin.list,2021-07-03 21:36:35.138653
08.185.87.47.liveadvert.com,AVAILABILITY,origin.list,2021-07-03 21:36:40.986102
08.185.87.48.liveadvert.com,AVAILABILITY,origin.list,2021-07-03 21:36:46.813751
08.185.87.49.liveadvert.com,AVAILABILITY,origin.list,2021-07-03 21:36:52.518800
08.185.87.5.liveadvert.com,AVAILABILITY,origin.list,2021-07-03 21:36:58.269596
08.185.87.50.liveadvert.com,AVAILABILITY,origin.list,2021-07-03 21:37:03.917641
08.185.87.51.liveadvert.com,AVAILABILITY,origin.list,2021-07-03 21:37:09.661662
08.185.87.53.liveadvert.com,AVAILABILITY,origin.list,2021-07-03 21:37:15.411026
08.185.87.54.liveadvert.com,AVAILABILITY,origin.list,2021-07-03 21:37:21.168848
08.185.87.55.liveadvert.com,AVAILABILITY,origin.list,2021-07-03 21:37:26.844849
08.185.87.56.liveadvert.com,AVAILABILITY,origin.list,2021-07-03 21:37:32.568479
08.185.87.57.liveadvert.com,AVAILABILITY,origin.list,2021-07-03 21:37:38.174919
08.185.87.58.liveadvert.com,AVAILABILITY,origin.list,2021-07-03 21:37:43.856949
08.185.87.59.liveadvert.com,AVAILABILITY,origin.list,2021-07-03 21:37:49.669286
08.185.87.6.liveadvert.com,AVAILABILITY,origin.list,2021-07-03 21:37:55.421721
08.185.87.60.liveadvert.com,AVAILABILITY,origin.list,2021-07-03 21:38:01.294878
08.185.87.61.liveadvert.com,AVAILABILITY,origin.list,2021-07-03 21:38:06.988765
08.185.87.63.liveadvert.com,AVAILABILITY,origin.list,2021-07-03 21:38:12.949977
08.185.87.64.liveadvert.com,AVAILABILITY,origin.list,2021-07-03 21:38:18.736116
08.185.87.65.liveadvert.com,AVAILABILITY,origin.list,2021-07-03 21:38:24.563554
08.185.87.66.liveadvert.com,AVAILABILITY,origin.list,2021-07-03 21:38:30.280517
08.185.87.67.liveadvert.com,AVAILABILITY,origin.list,2021-07-03 21:38:36.015991
08.185.87.68.liveadvert.com,AVAILABILITY,origin.list,2021-07-03 21:38:41.778351
08.185.87.69.liveadvert.com,AVAILABILITY,origin.list,2021-07-03 21:38:47.551750
08.185.87.7.liveadvert.com,AVAILABILITY,origin.list,2021-07-03 21:38:53.192921
08.185.87.70.liveadvert.com,AVAILABILITY,origin.list,2021-07-03 21:38:58.978177
08.185.87.71.liveadvert.com,AVAILABILITY,origin.list,2021-07-03 21:39:04.611580
08.185.87.73.liveadvert.com,AVAILABILITY,origin.list,2021-07-03 21:39:10.467552
08.185.87.74.liveadvert.com,AVAILABILITY,origin.list,2021-07-03 21:39:16.099207
08.185.87.75.liveadvert.com,AVAILABILITY,origin.list,2021-07-03 21:39:21.738624
08.185.87.76.liveadvert.com,AVAILABILITY,origin.list,2021-07-03 21:39:27.343799
08.185.87.77.liveadvert.com,AVAILABILITY,origin.list,2021-07-03 21:39:33.067311
08.185.87.78.liveadvert.com,AVAILABILITY,origin.list,2021-07-03 21:39:38.979245
08.185.87.79.liveadvert.com,AVAILABILITY,origin.list,2021-07-03 21:39:44.540199
08.185.87.8.liveadvert.com,AVAILABILITY,origin.list,2021-07-03 21:39:50.160089
08.185.87.80.liveadvert.com,AVAILABILITY,origin.list,2021-07-03 21:39:55.824501
08.185.87.81.liveadvert.com,AVAILABILITY,origin.list,2021-07-03 21:40:01.475622
08.185.87.83.liveadvert.com,AVAILABILITY,origin.list,2021-07-03 21:40:07.245789
08.185.87.84.liveadvert.com,AVAILABILITY,origin.list,2021-07-03 21:40:13.001103
08.185.87.85.liveadvert.com,AVAILABILITY,origin.list,2021-07-03 21:40:18.653932
08.185.87.86.liveadvert.com,AVAILABILITY,origin.list,2021-07-03 21:40:24.438823
08.185.87.87.liveadvert.com,AVAILABILITY,origin.list,2021-07-03 21:40:30.178847
08.185.87.88.liveadvert.com,AVAILABILITY,origin.list,2021-07-03 21:40:35.863446
08.185.87.89.liveadvert.com,AVAILABILITY,origin.list,2021-07-03 21:40:41.586327
08.185.87.9.liveadvert.com,AVAILABILITY,origin.list,2021-07-03 21:40:47.393030
08.185.87.90.liveadvert.com,AVAILABILITY,origin.list,2021-07-03 21:40:53.341232
08.185.87.91.liveadvert.com,AVAILABILITY,origin.list,2021-07-03 21:40:59.236485
08.185.87.93.liveadvert.com,AVAILABILITY,origin.list,2021-07-03 21:41:05.017412
08.185.87.94.liveadvert.com,AVAILABILITY,origin.list,2021-07-03 21:41:10.705557
08.185.87.95.liveadvert.com,AVAILABILITY,origin.list,2021-07-03 21:41:16.489170
08.185.87.96.liveadvert.com,AVAILABILITY,origin.list,2021-07-03 21:41:22.329608
08.185.87.97.liveadvert.com,AVAILABILITY,origin.list,2021-07-03 21:41:28.058514
08.185.87.98.liveadvert.com,AVAILABILITY,origin.list,2021-07-03 21:41:33.860882
08.185.87.99.liveadvert.com,AVAILABILITY,origin.list,2021-07-03 21:41:39.592667
10006.hittail.com,AVAILABILITY,origin.list,2021-07-03 21:45:03.621882
100065.hittail.com,AVAILABILITY,origin.list,2021-07-03 21:45:10.169104
10168.hittail.com,AVAILABILITY,origin.list,2021-07-03 21:46:01.536907
103532.hittail.com,AVAILABILITY,origin.list,2021-07-03 21:47:22.554115
106242.hittail.com,AVAILABILITY,origin.list,2021-07-03 21:47:49.175706
108411.hittail.com,AVAILABILITY,origin.list,2021-07-03 21:47:55.590764
